Name,Screener,LTP,Change(%),Open,Volume,Market Cap (Cr.),PE Ratio,Industry PE,52W High,52W Low,1M Returns,3M Returns,1 Yr Returns,3 Yr Returns,5 Yr Returns,PB Ratio,Dividend,ROE,ROCE,EPS,50 DMA,200 DMA,RSI,Margin Funding,Margin Pledge
"Reliance Industries","https://scanx.trade/company/reliance-industries-ltd","1,307.80","2.19%","1,291.90","84,12,537","17,69,785.41","18.09","8.34","1,611.80","1,253.20","3.04%","-1.67%","-13.90%","5.34%","39.10%","1.92","0.47%","8.54%","9.18%","101.61","1,335.72","1,416.22","49.37","78.00%","91.00%"
"HDFC Bank","https://scanx.trade/company/hdfc-bank-ltd","824.95","0.91%","824.00","2,35,95,785","12,70,489.78","15.90","21.00","1,020.50","726.65","11.73%","3.42%","-17.96%","-0.40%","9.85%","2.17","1.89%","13.93%","6.38%","89.49","776.59","889.59","63.70","78.00%","91.00%"
"Bharti Airtel","https://scanx.trade/company/bharti-airtel-ltd","1,920.40","-0.55%","1,930.00","64,20,887","11,70,153.37","35.62","42.37","2,174.50","1,740.50","6.75%","3.28%","-4.92%","116.90%","264.84%","6.80","1.21%","8.11%","18.01%","21.42","1,856.29","1,951.55","58.54","78.00%","91.00%"
"ICICI Bank","https://scanx.trade/company/icici-bank-ltd","1,401.20","1.48%","1,389.70","64,09,645","10,05,151.50","17.11","21.00","1,500.00","1,187.60","9.90%","9.36%","-2.14%","47.74%","119.43%","2.78","0.87%","16.67%","6.13%","64.38","1,305.09","1,344.98","62.40","78.00%","91.00%"
"State Bank of India","https://scanx.trade/company/state-bank-of-india-ltd","1,036.00","1.36%","1,029.50","87,92,150","9,56,291.98","10.88","8.71","1,234.70","786.55","3.32%","-0.48%","27.75%","74.82%","144.48%","1.68","1.70%","15.83%","5.16%","81.94","1,008.88","1,011.04","54.50","78.00%","90.35%"
"Tata Consultancy Services","https://scanx.trade/company/tcs-tata-consultancy-services-ltd","2,069.00","0.95%","2,105.20","67,14,551","7,48,582.31","14.80","25.01","3,414.00","1,976.80","-3.81%","-20.08%","-38.86%","-36.77%","-35.51%","6.90","5.37%","50.48%","54.93%","131.54","2,226.20","2,749.67","43.04","78.00%","89.44%"
"Bajaj Finance","https://scanx.trade/company/bajaj-finance-ltd","1,020.50","1.66%","1,010.10","70,39,305","6,35,358.64","32.31","23.37","1,102.50","787.90","15.06%","12.98%","8.49%","35.47%","66.31%","5.48","0.60%","18.84%","10.98%","241.14","944.61","969.19","62.97","76.00%","88.37%"
"LIC of India","https://scanx.trade/company/lic-of-india-ltd","443.05","1.05%","440.00","32,38,469","5,60,458.05","9.66","23.37","476.50","360.75","9.69%","11.68%","-6.33%","43.25%","1.24%","3.14","1.14%","49.36%","0.98%","66.13","413.09","423.25","62.76","76.00%","87.50%"
"Larsen & Toubro","https://scanx.trade/company/lt-larsen-toubro-ltd","3,945.80","1.54%","3,905.00","12,83,990","5,42,835.22","28.22","-6.21","4,440.00","3,288.10","1.16%","1.27%","10.23%","61.80%","163.12%","4.89","0.98%","15.18%","16.35%","96.60","4,021.69","3,953.56","41.23","76.00%","89.41%"
"Hindustan Unilever","https://scanx.trade/company/hindustan-unilever-ltd","2,150.60","0.28%","2,151.50","16,65,179","5,05,303.10","33.45","37.06","2,705.09","2,022.50","0.83%","0.82%","-9.78%","-17.70%","-10.82%","10.34","1.91%","19.99%","22.15%","43.99","2,196.25","2,306.40","46.09","78.00%","91.00%"
"Sun Pharmaceutical","https://scanx.trade/company/sun-pharmaceutical-ltd","1,935.50","-0.17%","1,942.80","14,78,172","4,64,391.28","40.42","27.16","1,952.00","1,548.00","8.80%","12.72%","15.94%","85.22%","189.79%","5.57","0.83%","14.38%","17.94%","43.95","1,843.74","1,748.39","69.33","78.00%","91.00%"
"Maruti Suzuki","https://scanx.trade/company/maruti-suzuki-ltd","13,854.00","0.92%","13,800.00","4,30,154","4,35,573.33","29.40","40.56","17,370.00","12,201.00","5.59%","1.95%","11.10%","42.29%","86.57%","4.03","1.02%","15.75%","19.54%","467.71","13,448.36","14,779.55","52.22","78.00%","90.27%"
"Infosys","https://scanx.trade/company/infosys-ltd","1,068.00","1.64%","1,075.00","97,47,266","4,33,314.93","14.46","25.01","1,728.00","982.40","-9.51%","-19.80%","-34.63%","-19.65%","-31.67%","4.84","4.57%","29.67%","38.99%","64.20","1,129.28","1,385.49","46.51","78.00%","88.13%"
"Adani Power","https://scanx.trade/company/adani-power-ltd","218.45","0.98%","218.50","2,61,96,232","4,21,274.16","32.14","23.78","254.20","110.45","-3.40%","26.76%","81.39%","351.25%","897.03%","6.72","-","48.28%","15.47%","41.44","225.59","170.67","43.88","60.00%","82.78%"
"Adani Ports & SEZ","https://scanx.trade/company/adani-ports-sez-ltd","1,828.10","1.56%","1,800.10","14,89,787","4,21,186.76","32.43","-34.85","1,891.10","1,290.50","0.09%","26.30%","26.69%","153.87%","150.94%","4.32","0.42%","15.69%","11.50%","46.34","1,793.37","1,546.42","52.90","75.01%","80.00%"
"Axis Bank","https://scanx.trade/company/axis-bank-ltd","1,323.70","2.09%","1,304.00","35,49,139","4,11,723.60","15.22","21.00","1,418.30","1,042.50","2.42%","0.39%","13.65%","37.31%","77.12%","1.89","0.08%","16.77%","5.47%","86.46","1,304.77","1,276.94","48.11","78.00%","90.50%"
"Adani Enterprises","https://scanx.trade/company/adani-enterprises-ltd","3,157.30","2.39%","3,105.00","21,45,335","4,10,734.74","41.95","14.76","3,245.00","1,753.00","5.95%","54.73%","26.08%","35.12%","127.52%","4.41","0.04%","7.45%","9.64%","37.44","2,862.54","2,387.52","60.83","71.37%","80.00%"
"Titan","https://scanx.trade/company/titan-ltd","4,584.40","0.63%","4,578.60","6,52,646","4,06,996.69","79.72","107.24","4,679.80","3,303.10","11.68%","3.26%","33.57%","50.53%","166.44%","25.76","0.33%","37.22%","38.43%","38.91","4,271.67","4,051.06","65.82","78.00%","90.31%"
"Mahindra & Mahindra","https://scanx.trade/company/mahindra-mahindra-ltd","3,129.40","1.43%","3,109.00","18,14,898","3,89,149.91","20.60","40.56","3,839.90","2,896.00","4.66%","-1.18%","-1.48%","101.71%","305.60%","4.12","1.03%","15.83%","17.26%","88.80","3,111.26","3,388.32","51.65","76.00%","88.35%"
"Kotak Bank","https://scanx.trade/company/kotak-mahindra-bank-ltd","377.60","0.12%","377.45","1,54,68,937","3,75,580.18","19.45","21.00","453.20","345.50","-1.07%","1.53%","-15.31%","1.13%","9.76%","2.07","0.17%","13.83%","6.51%","93.78","387.55","405.84","40.67","78.00%","91.00%"
"ITC","https://scanx.trade/company/itc-ltd","281.75","-0.11%","282.85","1,17,74,274","3,53,017.77","16.81","16.16","427.00","275.05","0.63%","-7.01%","-32.83%","-36.07%","47.92%","4.87","5.14%","27.71%","36.47%","16.36","294.51","342.55","37.18","78.00%","91.00%"
"UltraTech Cement","https://scanx.trade/company/ultratech-cement-ltd","11,711.00","1.62%","11,584.00","1,35,130","3,45,098.78","41.44","42.87","13,110.00","10,325.00","7.33%","2.30%","-6.77%","40.23%","69.74%","4.43","2.08%","11.62%","9.06%","243.84","11,462.94","11,844.50","57.79","78.00%","90.51%"
"NTPC","https://scanx.trade/company/ntpc-ltd","344.55","0.25%","344.50","1,30,16,441","3,34,098.63","12.09","23.78","414.40","315.55","-3.12%","-9.01%","0.16%","79.87%","192.49%","1.64","2.62%","12.31%","9.85%","22.08","373.07","356.57","31.75","76.00%","91.00%"
"HCL Technologies","https://scanx.trade/company/hcl-technologies-ltd","1,164.10","1.19%","1,173.00","39,79,475","3,15,897.75","18.74","25.01","1,780.10","1,030.00","1.55%","-20.53%","-30.46%","3.52%","19.17%","4.15","4.70%","23.01%","30.84%","60.53","1,151.75","1,428.11","54.71","76.00%","88.48%"
"Oil & Natural Gas Corporation","https://scanx.trade/company/oil-natural-gas-corporation-ltd","244.96","0.54%","243.65","82,37,303","3,08,166.52","6.16","241.70","307.50","227.65","-5.42%","-15.12%","0.66%","50.51%","107.77%","0.82","5.44%","15.64%","11.31%","36.35","265.74","258.67","43.90","76.00%","89.43%"
"Bajaj Finserv","https://scanx.trade/company/bajaj-finserv-ltd","1,916.00","1.11%","1,905.30","8,22,344","3,06,665.38","15.41","23.37","2,195.00","1,597.00","13.17%","8.39%","-5.45%","19.91%","49.05%","3.89","0.08%","15.03%","10.65%","52.25","1,774.90","1,926.86","66.85","76.00%","90.30%"
"JSW Steel","https://scanx.trade/company/jsw-steel-ltd","1,245.40","1.60%","1,232.30","15,04,035","3,04,556.84","11.74","20.56","1,328.00","1,017.40","-1.29%","2.95%","19.70%","53.64%","82.73%","2.99","0.72%","11.25%","19.15%","28.47","1,269.55","1,199.57","48.15","76.00%","90.21%"
"Bharat Electronics","https://scanx.trade/company/bharat-electronics-ltd","414.85","2.13%","408.40","92,73,712","3,03,246.17","48.98","59.22","473.45","361.20","0.68%","-5.66%","-0.67%","237.28%","588.21%","12.37","0.62%","24.13%","33.72%","5.80","418.93","420.55","49.20","75.80%","87.50%"
"Hindustan Aeronautics","https://scanx.trade/company/hal-hindustan-aeronautics-ltd","4,506.80","2.92%","4,396.00","10,78,390","3,01,403.52","32.10","298.93","5,065.00","3,479.10","5.70%","11.75%","-10.00%","138.68%","705.82%","7.13","0.80%","26.15%","17.49%","113.89","4,405.41","4,387.82","60.09","74.66%","87.50%"
"Bajaj Auto","https://scanx.trade/company/bajaj-auto-ltd","10,156.00","0.01%","10,177.50","3,54,772","2,83,858.00","26.84","5.30","10,834.00","7,858.50","-0.27%","6.71%","21.47%","107.35%","154.16%","7.31","1.48%","26.61%","26.12%","286.76","10,191.05","9,485.10","54.66","76.00%","90.43%"
"Nestle","https://scanx.trade/company/nestle-india-ltd","1,455.20","-0.07%","1,467.00","15,63,905","2,80,608.30","80.62","24.54","1,498.10","1,084.70","3.18%","18.43%","19.88%","28.89%","65.03%","54.71","0.82%","117.72%","56.08%","33.58","1,428.98","1,302.48","57.53","78.00%","91.00%"
"Eternal","https://scanx.trade/company/zomato-ltd","289.65","-0.96%","294.70","2,42,39,849","2,79,522.41","769.08","-34.85","368.45","212.60","17.91%","21.76%","9.49%","287.23%","129.88%","9.09","-","1.72%","2.63%","0.68","256.00","278.06","69.96","72.84%","85.06%"
"Avenue Supermarts DMart","https://scanx.trade/company/dmart-avenue-supermarts-ltd","4,081.10","0.04%","4,089.00","7,52,660","2,66,181.65","89.59","14.76","4,949.50","3,529.00","-0.27%","-7.58%","-2.62%","8.32%","20.83%","10.88","-","13.56%","-","40.74","4,221.76","4,091.25","43.09","76.00%","87.50%"
"Coal India","https://scanx.trade/company/coal-india-ltd","429.30","-0.14%","430.15","48,72,051","2,64,565.93","8.53","58.51","491.25","368.65","-8.05%","-5.46%","10.80%","83.66%","192.64%","2.23","6.22%","44.71%","24.48%","59.34","455.17","423.23","35.98","76.00%","90.29%"
"Power Grid Corporation of India","https://scanx.trade/company/power-grid-corporation-of-india-ltd","283.10","0.62%","283.10","68,12,700","2,63,300.09","16.41","23.78","324.95","250.00","-0.91%","-5.03%","-5.52%","50.99%","118.58%","2.60","4.80%","18.53%","12.27%","16.88","294.35","286.12","41.93","76.00%","91.00%"
"Asian Paints","https://scanx.trade/company/asian-paints-ltd","2,677.80","0.15%","2,695.00","9,82,095","2,56,853.98","58.33","33.95","2,985.70","2,115.00","-1.12%","17.99%","7.16%","-19.90%","-11.05%","11.99","1.03%","28.61%","24.41%","52.96","2,644.35","2,564.26","49.41","78.00%","90.68%"
"Adani Green Energy","https://scanx.trade/company/adani-green-energy-ltd","1,536.60","3.36%","1,505.00","20,70,226","2,53,105.09","123.28","23.78","1,589.10","765.00","0.14%","47.11%","54.40%","60.15%","50.74%","12.70","-","7.22%","6.85%","8.71","1,443.99","1,109.73","57.41","68.03%","80.00%"
"Shriram Finance","https://scanx.trade/company/shriram-transport-finance-company-ltd","1,044.10","1.20%","1,049.00","27,73,485","2,45,659.04","24.24","23.37","1,108.00","566.50","14.52%","4.80%","53.31%","202.95%","258.62%","2.30","0.84%","14.88%","11.00%","201.17","973.38","915.24","59.07","75.03%","85.10%"
"Tata Steel","https://scanx.trade/company/tata-steel-ltd","191.19","1.75%","189.68","2,31,45,573","2,38,672.56","21.54","20.56","224.40","152.51","-5.90%","-6.83%","20.25%","65.82%","54.26%","2.33","2.13%","-5.31%","11.32%","1.60","203.39","190.03","42.69","76.00%","88.82%"
"Hindustan Zinc","https://scanx.trade/company/hindustan-zinc-ltd","536.95","1.60%","536.00","39,38,725","2,26,878.50","16.14","58.51","733.00","413.50","-4.74%","-3.86%","26.34%","63.78%","61.76%","9.87","1.89%","51.06%","62.35%","19.26","588.73","561.26","42.23","58.00%","83.61%"
"Grasim Industries","https://scanx.trade/company/grasim-industries-ltd","3,213.60","0.68%","3,204.80","5,15,666","2,18,693.41","21.09","6.92","3,222.00","2,502.50","3.82%","17.26%","14.86%","85.10%","115.07%","2.10","0.31%","7.14%","5.94%","85.43","3,070.14","2,854.92","61.43","78.00%","91.00%"
"Hindalco Industries","https://scanx.trade/company/hindalco-industries-ltd","967.45","0.94%","976.00","58,59,033","2,17,407.93","16.17","8.60","1,176.00","657.50","-10.15%","-1.85%","43.55%","126.12%","148.03%","1.59","0.51%","9.57%","9.50%","48.78","1,039.40","918.56","41.44","76.00%","88.01%"
"Interglobe Aviation","https://scanx.trade/company/indigo-interglobe-aviation-ltd","5,312.00","1.58%","5,260.00","4,58,026","2,05,392.46","-84.47","-1.95","6,232.50","3,895.20","17.07%","19.39%","-9.23%","98.83%","193.59%","29.00","-","409.35%","15.53%","202.26","4,707.26","4,989.84","61.23","76.00%","80.00%"
"Eicher Motors","https://scanx.trade/company/eicher-motors-ltd","7,365.50","0.06%","7,399.50","4,97,082","2,02,181.16","36.66","55.10","8,230.00","5,353.00","2.26%","3.05%","29.33%","132.06%","171.57%","8.05","1.11%","22.17%","26.14%","152.70","7,266.25","7,192.48","50.33","78.00%","88.95%"
"Adani Energy Solutions","https://scanx.trade/company/adani-transmission-ltd","1,654.00","2.19%","1,635.00","16,03,768","1,98,692.15","81.21","23.78","1,712.00","744.90","4.74%","53.33%","85.81%","120.58%","65.32%","7.64","-","8.73%","8.72%","12.54","1,470.92","1,111.30","67.50","68.33%","80.00%"
"Indian Oil Corporation","https://scanx.trade/company/indian-oil-corporation-ltd","138.96","0.51%","139.38","84,02,022","1,96,228.73","4.47","8.34","188.96","130.22","0.60%","-1.91%","-7.51%","42.67%","94.27%","0.89","0.90%","22.94%","9.53%","21.83","140.82","154.78","45.45","76.00%","87.50%"
"SBI Life Insurance","https://scanx.trade/company/sbi-life-insurance-ltd","1,862.90","2.26%","1,830.70","8,28,830","1,86,880.83","73.99","23.37","2,132.00","1,700.40","5.30%","-2.16%","2.64%","44.04%","82.71%","9.58","0.15%","12.70%","0.56%","20.29","1,812.56","1,919.06","61.29","78.00%","91.00%"
"Wipro","https://scanx.trade/company/wipro-ltd","175.46","1.56%","175.23","1,62,49,590","1,84,295.28","12.90","25.01","273.10","169.00","-3.42%","-13.51%","-34.48%","-10.01%","-33.26%","1.95","6.74%","14.88%","18.60%","21.37","188.52","222.16","41.79","76.00%","89.30%"
"Divis Laboratories","https://scanx.trade/company/divis-laboratories-ltd","6,836.00","0.34%","6,870.00","2,22,860","1,81,474.32","70.42","38.26","7,009.50","5,636.50","1.23%","14.84%","-2.11%","87.80%","48.62%","10.79","0.44%","11.79%","18.85%","63.06","6,707.12","6,393.15","57.88","76.00%","87.50%"
"TVS Motors","https://scanx.trade/company/tvs-motors-ltd","3,623.10","-0.08%","3,644.10","3,45,846","1,72,128.81","54.05","55.10","3,970.00","2,728.70","7.89%","-2.79%","27.57%","176.73%","504.15%","17.96","0.33%","23.68%","28.86%","36.05","3,473.64","3,580.37","58.33","76.00%","87.50%"
"DLF","https://scanx.trade/company/dlf-ltd","685.75","3.96%","670.00","1,13,38,298","1,69,744.73","37.01","12.26","856.45","489.40","19.23%","21.81%","-17.34%","36.73%","128.32%","3.59","1.21%","4.13%","5.62%","11.50","605.47","652.08","65.65","76.00%","87.12%"
"Torrent Pharmaceuticals","https://scanx.trade/company/torrent-pharmaceuticals-ltd","4,901.50","0.07%","4,866.00","9,63,130","1,65,889.03","77.50","26.60","4,948.00","3,307.60","9.58%","19.71%","46.15%","156.36%","226.22%","19.76","0.78%","24.16%","9.06%","49.44","4,490.47","4,061.88","76.03","78.00%","87.50%"
"Solar Industries","https://scanx.trade/company/solar-industries-ltd","18,236.00","4.93%","17,466.00","2,18,676","1,65,017.66","90.55","13.83","18,972.00","11,646.00","-0.17%","30.93%","10.51%","413.63%","1,033.02%","25.05","0.06%","25.54%","30.18%","102.22","17,568.66","14,541.20","53.59","74.84%","86.22%"
"Pidilite Industries","https://scanx.trade/company/pidilite-industries-ltd","1,598.50","0.51%","1,604.00","7,38,374","1,62,691.39","65.55","13.83","1,626.70","1,259.00","7.88%","18.64%","4.88%","23.16%","40.35%","14.95","0.72%","20.28%","28.48%","36.93","1,506.88","1,464.67","59.98","78.00%","87.50%"
"Varun Beverages","https://scanx.trade/company/varun-beverages-ltd","478.10","-0.69%","485.50","99,67,759","1,61,707.58","50.72","41.55","555.80","381.00","-9.75%","13.05%","2.65%","47.15%","365.67%","8.32","0.31%","29.67%","19.45%","18.65","514.98","472.67","35.03","75.00%","87.50%"
"Hyundai Motor India","https://scanx.trade/company/hyundai-motor-india-ltd","1,984.90","3.05%","1,936.90","3,66,401","1,61,281.28","28.83","40.56","2,890.00","1,658.00","4.55%","12.25%","-5.07%","9.08%","9.08%","7.83","1.09%","-","40.99%","-","1,902.76","2,149.47","55.81","65.00%","87.50%"
"Jio Financial Services","https://scanx.trade/company/jio-financial-services-ltd","241.96","3.68%","235.00","2,77,14,158","1,59,769.61","98.90","23.37","338.60","223.30","3.31%","1.31%","-26.65%","-2.79%","-2.79%","1.09","0.25%","1.15%","1.49%","2.50","239.00","268.62","53.95","75.00%","87.50%"
"Cummins","https://scanx.trade/company/cummins-india-ltd","5,621.50","1.43%","5,567.00","4,63,881","1,55,827.98","65.02","77.00","6,100.00","3,465.00","-0.07%","14.55%","59.52%","196.92%","552.15%","18.12","1.19%","26.02%","32.98%","66.04","5,540.91","4,695.75","51.68","76.00%","87.50%"
"BSE","https://scanx.trade/company/bse-ltd","3,811.60","0.42%","3,815.00","23,55,651","1,55,469.09","62.32","-34.85","4,446.80","2,021.50","-4.62%","17.01%","51.03%","1,543.64%","3,408.15%","23.23","0.26%","22.34%","30.53%","44.38","3,960.05","3,044.43","45.23","65.00%","81.23%"
"Trent","https://scanx.trade/company/trent-ltd","2,902.80","-0.04%","2,934.00","10,93,622","1,54,792.39","89.96","14.76","3,782.69","2,183.68","4.75%","13.07%","-19.49%","159.70%","380.96%","22.17","0.09%","36.01%","28.23%","35.43","2,915.88","2,824.61","40.89","72.77%","84.40%"
"Cholamandalam Investment","https://scanx.trade/company/cholamandalam-investment-ltd","1,807.80","0.89%","1,804.90","7,41,849","1,54,112.87","29.21","23.37","1,875.00","1,299.40","20.89%","17.92%","15.65%","57.02%","248.12%","5.02","0.11%","17.41%","9.46%","43.53","1,631.44","1,642.65","62.60","75.93%","86.04%"
"Vodafone Idea","https://scanx.trade/company/vodafone-idea-ltd","14.19","1.07%","14.15","27,32,82,577","1,53,738.77","4.40","42.37","15.34","6.12","0.35%","55.59%","95.45%","91.76%","56.80%","-4.25","-","29.99%","-1.99%","-","13.62","10.95","51.66","65.99%","79.18%"
"Samvardhana Motherson International","https://scanx.trade/company/motherson-sumi-systems-ltd","143.19","0.27%","144.20","81,78,532","1,51,129.06","36.90","60.58","155.25","89.70","-0.60%","22.49%","38.64%","136.56%","64.17%","3.68","-","10.70%","14.07%","4.75","138.78","121.35","49.68","75.72%","85.59%"
"Hitachi Energy","https://scanx.trade/company/abb-power-products-systems-ltd","32,605.00","-0.02%","32,730.00","87,152","1,45,328.19","147.13","11.77","38,785.00","16,111.00","-5.79%","19.37%","64.13%","671.39%","1,595.70%","28.08","0.02%","12.04%","13.08%","40.53","34,398.30","24,617.70","43.96","50.00%","80.43%"
"ABB","https://scanx.trade/company/abb-ltd","6,836.00","0.23%","6,835.00","1,10,261","1,44,860.57","48.54","11.77","7,822.50","4,637.50","-1.37%","3.36%","15.90%","56.44%","298.96%","18.44","0.58%","21.00%","28.46%","75.95","6,923.18","5,914.50","45.29","75.96%","87.20%"
"CG Power & Industrial Solutions","https://scanx.trade/company/cg-power-and-industrial-solutions-ltd","916.60","0.63%","916.95","20,65,106","1,44,362.60","119.65","11.77","980.90","525.50","0.59%","27.20%","36.39%","135.84%","1,078.15%","17.99","0.14%","28.86%","19.34%","5.88","896.60","747.74","49.31","74.12%","85.63%"
"Tech Mahindra","https://scanx.trade/company/tech-mahindra-ltd","1,454.80","2.00%","1,448.00","17,32,609","1,42,578.83","29.05","25.01","1,854.00","1,304.10","-1.95%","-0.47%","-9.91%","26.82%","38.32%","4.71","3.58%","8.83%","19.82%","25.74","1,444.84","1,486.42","53.02","76.00%","88.59%"
"Polycab","https://scanx.trade/company/polycab-india-ltd","9,210.50","1.50%","9,149.00","3,96,730","1,38,742.42","50.46","20.83","10,126.00","6,620.00","-4.21%","21.08%","37.14%","159.69%","373.27%","11.38","0.52%","21.87%","30.82%","118.40","9,357.72","7,999.91","42.22","74.12%","86.68%"
"Bharat Heavy Electricals","https://scanx.trade/company/bhel-bharat-heavy-electricals-ltd","395.25","3.58%","388.90","1,18,87,326","1,37,628.55","82.95","11.77","424.90","205.12","-0.33%","42.59%","50.83%","333.39%","494.81%","5.08","0.37%","1.15%","3.75%","0.29","396.04","299.45","51.39","72.83%","84.16%"
"Bharat Petroleum","https://scanx.trade/company/bharat-petroleum-ltd","309.75","0.50%","312.00","37,99,709","1,34,385.21","5.17","8.34","391.65","266.60","7.14%","4.17%","-11.12%","60.41%","35.59%","1.33","2.40%","35.51%","17.05%","44.92","301.21","335.26","53.41","76.00%","87.44%"
"Power Finance Corporation","https://scanx.trade/company/power-finance-corporation-ltd","406.50","0.59%","406.30","34,20,598","1,34,149.14","3.96","33.85","486.50","329.90","-6.68%","-5.03%","-2.69%","126.34%","317.69%","1.00","4.59%","19.70%","9.24%","62.81","432.54","403.28","37.16","72.83%","86.88%"
"Bank of Baroda","https://scanx.trade/company/bank-of-baroda-ltd","250.95","2.60%","245.50","1,82,39,487","1,29,775.33","6.30","8.71","325.50","230.81","-8.33%","-8.49%","4.07%","23.38%","200.00%","0.76","3.48%","15.25%","5.08%","36.82","266.77","279.58","38.86","76.00%","87.50%"
"Britannia Industries","https://scanx.trade/company/britannia-industries-ltd","5,353.00","-0.16%","5,390.00","1,43,224","1,28,936.80","50.91","24.54","6,336.00","5,035.00","4.81%","-2.23%","-8.99%","6.38%","54.00%","25.29","1.69%","53.81%","58.72%","91.68","5,329.51","5,750.42","54.15","78.00%","87.50%"
"Apollo Hospitals","https://scanx.trade/company/apollo-hospitals-ltd","8,841.00","-0.05%","8,849.00","2,64,694","1,27,120.02","63.49","81.20","8,950.00","6,696.50","3.72%","18.17%","18.37%","71.39%","137.28%","13.42","0.23%","12.53%","15.53%","72.05","8,323.83","7,660.31","67.05","75.00%","91.00%"
"Muthoot Finance","https://scanx.trade/company/muthoot-finance-ltd","3,129.40","2.35%","3,096.00","7,37,063","1,25,635.54","11.56","23.37","4,149.50","2,476.60","4.62%","-9.95%","18.29%","149.29%","103.92%","3.13","0.98%","16.57%","13.76%","111.25","3,220.79","3,438.48","50.96","76.00%","85.27%"
"Union Bank of India","https://scanx.trade/company/union-bank-of-india-ltd","164.51","4.61%","157.80","2,45,98,550","1,25,580.45","6.19","8.71","205.49","124.64","-3.48%","-10.93%","13.78%","103.10%","347.65%","0.95","3.18%","14.05%","5.91%","18.56","166.75","164.57","46.04","73.93%","85.72%"
"Siemens","https://scanx.trade/company/siemens-ltd","3,496.50","0.58%","3,490.70","2,31,262","1,24,517.53","44.95","11.77","3,937.30","2,826.00","-3.41%","8.50%","8.64%","92.83%","251.29%","8.94","0.52%","14.98%","22.43%","68.99","3,661.66","3,306.88","42.39","74.98%","86.52%"
"Tata Motors Passenger Vehicles","https://scanx.trade/company/tata-motors-passenger-vehicles-ltd","337.95","1.95%","334.55","1,93,31,002","1,24,461.27","1.48","40.56","447.79","294.30","-12.85%","1.41%","-19.42%","-9.76%","82.26%","1.09","0.91%","34.17%","0.55%","102.18","362.68","366.16","38.72","76.00%","86.94%"
"Bosch","https://scanx.trade/company/bosch-ltd","41,815.00","-0.97%","42,325.00","12,016","1,23,327.66","44.94","60.58","42,565.00","28,610.00","10.56%","13.72%","16.80%","117.38%","173.32%","8.39","0.64%","20.65%","18.89%","646.75","38,321.90","36,772.98","66.66","78.00%","87.50%"
"HDFC Life Insurance","https://scanx.trade/company/hdfc-life-insurance-ltd","567.70","2.87%","555.00","61,39,132","1,22,506.88","62.82","23.37","815.00","543.00","1.27%","-3.97%","-27.80%","-15.05%","-16.91%","6.51","0.38%","10.73%","0.59%","7.61","587.96","684.66","45.29","78.00%","90.88%"
"Lodha Developers","https://scanx.trade/company/macrotech-developers-ltd","1,220.75","2.40%","1,190.00","64,17,760","1,21,960.26","34.81","12.26","1,461.50","650.80","37.49%","54.61%","-12.18%","80.65%","215.99%","5.23","0.36%","8.86%","18.64%","19.37","937.12","1,014.21","85.27","72.22%","83.63%"
"Tata Power","https://scanx.trade/company/tata-power-ltd","381.30","1.54%","376.50","35,46,184","1,21,838.30","23.43","23.78","464.90","342.50","-4.35%","-3.39%","-4.83%","69.47%","206.39%","3.04","0.67%","11.17%","8.75%","11.48","406.65","391.97","40.26","76.00%","87.50%"
"Punjab National Bank","https://scanx.trade/company/punjab-national-bank-ltd","105.41","1.90%","104.10","2,70,98,775","1,21,147.11","6.44","8.71","135.15","98.50","-3.87%","-3.81%","-5.04%","73.94%","157.10%","0.85","2.90%","8.25%","5.24%","10.66","106.04","115.64","48.09","76.00%","87.50%"
"GE Vernova T&D","https://scanx.trade/company/ge-td-india-ltd","4,677.10","0.73%","4,695.00","4,74,798","1,19,755.52","96.41","11.77","5,650.00","2,265.00","-5.15%","19.58%","95.45%","2,053.36%","3,178.72%","44.19","0.22%","-","44.57%","-","4,780.07","3,663.70","46.37","60.00%","70.00%"
"LTM","https://scanx.trade/company/lti-larsen-toubro-infotech-ltd","4,037.20","4.74%","3,903.10","10,24,019","1,19,751.96","22.94","25.01","6,429.50","3,528.00","0.93%","-11.70%","-24.25%","-19.22%","-0.42%","4.76","1.94%","22.89%","25.78%","154.11","3,995.13","5,039.09","57.89","76.00%","87.05%"
"GMR Airports","https://scanx.trade/company/gmr-infrastructure-ltd","112.51","0.61%","112.64","1,03,89,470","1,18,799.04","248.56","-34.85","115.64","84.11","9.65%","19.02%","21.24%","153.40%","251.59%","-47.63","-","-86.69%","7.69%","-","102.89","97.99","61.37","75.00%","86.88%"
"Bajaj Holdings & Investments","https://scanx.trade/company/bajaj-holdings-and-investments-ltd","10,654.00","0.69%","10,687.00","23,369","1,18,572.11","12.03","23.37","14,763.00","8,588.00","3.91%","7.48%","-23.14%","48.45%","182.97%","1.61","1.84%","11.70%","11.82%","670.52","10,445.37","11,004.75","52.45","68.52%","87.50%"
"HDFC AMC","https://scanx.trade/company/hdfc-asset-management-company-ltd","2,761.20","0.88%","2,755.00","8,46,266","1,18,359.74","41.05","23.37","2,967.25","2,205.60","10.30%","9.79%","7.42%","145.58%","89.06%","12.71","1.97%","27.46%","39.25%","96.87","2,672.85","2,659.11","56.39","76.00%","86.87%"
"IRFC","https://scanx.trade/company/indian-railway-finance-corp-ltd","89.90","2.02%","88.41","90,78,755","1,17,485.87","16.44","33.85","139.00","86.93","-6.36%","-8.72%","-34.66%","172.84%","279.32%","2.03","1.19%","13.04%","5.81%","4.93","97.22","110.10","38.56","72.21%","86.04%"
"Indian Bank","https://scanx.trade/company/indian-bank-ltd","870.70","9.78%","800.00","1,76,90,322","1,17,280.15","9.12","8.71","1,000.90","606.00","-0.49%","-7.55%","36.30%","180.83%","540.22%","1.46","2.30%","13.49%","5.75%","67.86","834.37","848.81","60.34","75.78%","86.79%"
"Canara Bank","https://scanx.trade/company/canara-bank-ltd","128.78","3.19%","125.40","4,07,06,138","1,16,811.85","5.74","8.71","162.89","103.55","-6.35%","-6.62%","13.00%","92.78%","325.86%","1.02","3.37%","15.87%","6.03%","17.21","130.77","138.87","49.64","76.00%","87.22%"
"Cipla","https://scanx.trade/company/cipla-ltd","1,439.40","-0.13%","1,441.30","7,45,842","1,16,281.25","30.16","27.16","1,673.00","1,165.70","4.57%","17.56%","-3.51%","41.58%","49.97%","3.38","0.90%","15.50%","14.88%","55.04","1,395.51","1,414.70","56.29","78.00%","91.00%"
"Zydus Life Science","https://scanx.trade/company/cadila-healthcare-ltd","1,150.80","-0.71%","1,161.60","8,24,192","1,15,797.41","22.58","27.16","1,181.50","835.50","4.09%","27.55%","17.61%","97.87%","79.67%","4.27","0.09%","17.34%","21.99%","41.43","1,054.89","962.09","65.75","76.00%","87.50%"
"GAIL","https://scanx.trade/company/gail-ltd","173.73","2.07%","171.00","32,36,963","1,14,229.21","14.78","-34.85","192.70","134.36","3.66%","14.13%","-6.11%","59.46%","77.09%","1.26","3.23%","12.83%","15.14%","17.17","168.01","167.73","54.89","76.00%","87.50%"
"Lupin","https://scanx.trade/company/lupin-ltd","2,496.30","-0.28%","2,503.40","5,68,432","1,14,138.96","21.37","27.16","2,526.90","1,836.80","10.25%","8.77%","30.41%","177.10%","117.48%","5.10","0.72%","13.47%","21.29%","49.64","2,328.15","2,185.04","68.54","76.00%","87.50%"
"Godrej Consumer Products","https://scanx.trade/company/godrej-consumer-products-ltd","1,088.40","0.09%","1,090.00","2,57,565","1,11,369.94","59.79","81.07","1,309.00","967.05","7.42%","2.36%","-15.88%","3.18%","12.71%","8.80","1.84%","-4.45%","23.72%","17.15","1,036.42","1,120.04","61.66","76.00%","87.50%"
"Marico","https://scanx.trade/company/marico-ltd","852.50","-0.88%","863.90","13,38,643","1,10,686.50","61.56","24.50","873.00","690.20","4.83%","14.07%","16.72%","61.73%","60.26%","26.51","0.47%","36.03%","36.91%","11.73","824.05","763.45","59.72","78.00%","87.50%"
"Tata Consumer Products","https://scanx.trade/company/tata-consumer-products-ltd","1,111.90","0.47%","1,105.00","11,89,725","1,10,038.66","70.81","-10.46","1,282.70","1,007.20","0.49%","3.14%","1.28%","36.34%","46.97%","5.03","0.90%","7.46%","8.29%","13.53","1,149.11","1,143.94","48.08","78.00%","90.44%"
"Ambuja Cements","https://scanx.trade/company/ambuja-cements-ltd","436.45","1.94%","432.00","20,35,547","1,08,449.85","18.89","42.87","624.95","394.00","4.92%","0.55%","-26.07%","4.04%","20.04%","1.79","0.46%","9.32%","4.60%","12.66","432.14","500.03","53.89","76.00%","87.50%"
"Max Healthcare Institute","https://scanx.trade/company/max-healthcare-institute-ltd","1,108.10","0.62%","1,102.30","17,49,088","1,07,845.14","74.28","81.20","1,301.70","903.00","10.47%","16.04%","-11.17%","80.87%","294.48%","9.97","0.18%","14.89%","11.73%","10.84","1,044.68","1,062.16","56.03","70.00%","87.50%"
"Jindal Steel","https://scanx.trade/company/jindal-steel-ltd","1,051.30","2.09%","1,044.40","11,75,870","1,07,241.86","31.27","20.56","1,306.20","926.75","-8.57%","-12.36%","11.27%","67.85%","166.32%","2.07","0.19%","13.28%","8.16%","54.82","1,161.61","1,116.16","38.12","76.00%","87.50%"
"Indus Towers","https://scanx.trade/company/bharti-infratel-ltd","406.15","2.01%","401.15","51,28,549","1,07,148.98","14.70","15.67","481.50","312.55","-3.16%","-7.37%","0.25%","149.94%","68.18%","2.65","3.52%","22.32%","28.12%","24.54","412.81","411.94","52.90","75.51%","87.50%"
"Indian Hotels Company","https://scanx.trade/company/indian-hotels-company-ltd","752.30","2.85%","737.00","30,32,002","1,07,084.81","46.32","36.24","811.95","565.00","12.84%","19.58%","0.29%","95.48%","424.21%","7.98","0.44%","11.86%","17.42%","9.03","680.73","690.09","66.82","76.00%","87.50%"
"Aditya Birla Capital","https://scanx.trade/company/aditya-birla-capital-ltd","408.30","2.76%","400.00","30,40,201","1,07,050.26","28.15","23.37","410.70","243.00","16.21%","22.04%","49.40%","120.70%","251.53%","2.83","-","12.01%","9.58%","13.24","367.02","340.72","62.69","76.00%","86.13%"
"Vedanta","https://scanx.trade/company/vedanta-ltd","272.55","0.44%","273.80","1,18,89,321","1,06,577.63","4.23","58.51","360.00","157.17","-11.00%","-1.18%","65.24%","158.05%","168.21%","2.14","12.53%","17.92%","10.06%","13.95","306.27","246.42","37.06","75.86%","84.86%"
"Mankind Pharma","https://scanx.trade/company/mankind-pharma-ltd","2,525.10","-0.27%","2,543.10","5,24,763","1,04,285.61","53.94","27.16","2,716.50","1,909.70","5.61%","22.92%","-0.06%","46.17%","77.54%","6.41","0.04%","20.28%","13.33%","48.99","2,427.10","2,275.06","58.02","75.00%","87.50%"
"Dr Reddys Laboratories","https://scanx.trade/company/dr-reddys-laboratories-ltd","1,244.30","-1.36%","1,244.90","81,06,606","1,03,857.87","25.49","27.16","1,414.90","1,148.40","-1.91%","2.67%","-1.98%","20.69%","13.94%","2.78","0.63%","19.74%","13.94%","333.59","1,304.58","1,267.68","35.49","78.00%","90.58%"
"JSW Energy","https://scanx.trade/company/jsw-energy-ltd","553.45","3.75%","536.10","23,81,375","1,01,474.10","35.38","23.78","617.35","427.75","-2.97%","13.15%","7.49%","81.73%","229.83%","2.86","0.36%","8.21%","7.51%","11.18","561.13","517.18","47.05","72.61%","86.06%"
"Oracle Financial Services Software","https://scanx.trade/company/oracle-financial-services-software-ltd","11,651.00","4.64%","11,340.00","4,62,353","1,01,438.65","36.72","25.01","11,360.00","6,234.50","20.87%","61.43%","30.35%","210.44%","195.41%","12.38","3.59%","28.24%","43.24%","269.28","9,949.42","8,364.58","74.71","75.09%","86.26%"
"Bharat Forge","https://scanx.trade/company/bharat-forge-ltd","2,117.00","-0.64%","2,143.40","4,95,091","1,01,211.36","93.48","27.67","2,238.00","1,100.50","9.95%","21.71%","67.82%","148.69%","162.00%","10.63","0.40%","12.70%","16.45%","22.02","1,989.79","1,632.93","58.27","76.00%","87.46%"
"United Spirits","https://scanx.trade/company/united-spirits-ltd","1,385.70","0.33%","1,384.90","5,68,746","1,00,789.01","54.61","51.92","1,488.00","1,210.80","10.22%","10.88%","1.08%","51.46%","111.48%","11.21","0.79%","19.77%","26.08%","19.42","1,310.93","1,353.08","57.54","76.00%","87.50%"
"Hero Motocorp","https://scanx.trade/company/hero-motocorp-ltd","4,949.10","1.03%","4,923.40","6,86,707","99,028.00","16.97","55.10","6,388.50","4,190.00","1.93%","-6.34%","14.22%","58.44%","70.85%","4.54","3.78%","20.98%","28.71%","204.10","4,973.62","5,430.11","51.69","76.00%","89.49%"
"Mazagon Dock Shipbuilders","https://scanx.trade/company/mazagon-dock-shipbuilders-ltd","2,420.10","1.99%","2,385.00","9,95,945","97,621.99","37.13","-34.85","3,326.00","2,057.40","-0.62%","-0.63%","-26.54%","234.46%","1,853.27%","9.82","0.76%","21.98%","34.51%","96.04","2,498.18","2,542.80","43.77","66.44%","82.64%"
"Shree Cement","https://scanx.trade/company/shree-cement-ltd","26,615.00","1.22%","26,460.00","6,542","96,028.91","54.28","42.87","32,490.00","22,550.00","13.67%","10.94%","-15.82%","10.82%","-3.23%","4.08","0.57%","11.55%","6.67%","582.58","25,076.70","26,260.03","61.24","78.00%","87.50%"
"Nykaa","https://scanx.trade/company/nykaa-ltd","330.10","1.87%","328.00","1,05,56,295","94,534.83","456.27","14.76","325.90","200.14","23.61%","29.49%","54.71%","136.72%","-10.21%","64.51","-","1.78%","12.91%","0.14","282.06","261.80","77.92","75.00%","87.50%"
"REC","https://scanx.trade/company/rural-electrification-corporation-ltd","351.95","-0.01%","354.00","40,23,218","92,676.32","5.68","33.85","408.25","304.05","-0.04%","1.49%","-10.11%","110.87%","222.86%","1.09","5.27%","20.40%","9.48%","55.59","350.21","356.88","46.49","72.32%","86.65%"
"Ashok Leyland","https://scanx.trade/company/ashok-leyland-ltd","157.49","1.48%","157.71","1,74,09,676","92,507.34","24.53","65.83","215.42","114.96","9.52%","-7.57%","25.54%","93.00%","152.19%","6.40","2.25%","22.82%","15.46%","8.52","156.38","165.57","49.65","76.00%","85.07%"
"ICICI Lombard General Insurance","https://scanx.trade/company/icici-lombard-general-insurance-ltd","1,826.20","1.76%","1,800.00","5,04,410","91,158.83","32.33","23.37","2,064.90","1,629.50","2.73%","3.26%","-9.60%","36.00%","16.42%","5.32","0.75%","15.72%","-8.32%","42.73","1,791.87","1,876.60","56.87","78.00%","87.50%"
"Aurobindo Pharma","https://scanx.trade/company/aurobindo-pharma-ltd","1,564.70","-1.43%","1,576.10","11,54,492","90,029.38","26.31","27.16","1,636.80","1,016.10","7.98%","16.73%","36.94%","112.74%","64.93%","2.43","0.25%","10.62%","15.74%","61.22","1,488.07","1,274.55","56.89","76.00%","87.50%"
"One 97 Communications","https://scanx.trade/company/paytm-ltd","1,341.80","6.25%","1,268.90","68,13,451","85,920.42","146.51","-34.85","1,381.80","902.00","25.17%","22.21%","47.82%","62.93%","-14.03%","5.05","-","-13.67%","-4.12%","-","1,130.40","1,187.76","77.05","68.53%","82.65%"
"Hindustan Petroleum","https://scanx.trade/company/hindustan-petroleum-ltd","395.30","0.82%","395.10","30,11,646","84,112.82","4.62","8.34","508.45","316.20","3.48%","10.42%","-11.26%","98.97%","112.56%","1.27","6.18%","34.13%","12.56%","46.45","388.73","421.51","50.95","74.69%","84.88%"
"Waaree Energies","https://scanx.trade/company/waaree-energies-ltd","2,922.90","2.08%","2,869.90","6,75,347","84,077.61","21.20","11.77","3,865.00","2,403.00","-3.88%","-9.57%","-6.30%","24.97%","24.97%","5.70","0.07%","-","24.78%","-","3,046.74","3,086.50","45.21","50.00%","83.19%"
"Laurus Labs","https://scanx.trade/company/laurus-labs-ltd","1,537.80","2.02%","1,517.00","20,41,624","83,019.15","91.21","27.16","1,555.00","775.15","7.96%","41.90%","93.58%","329.55%","126.08%","15.32","0.13%","4.09%","19.67%","2.75","1,373.71","1,096.45","64.70","75.20%","80.00%"
"SRF","https://scanx.trade/company/srf-ltd","2,774.60","0.64%","2,779.00","1,04,341","82,246.03","44.44","13.83","3,325.00","2,355.00","3.16%","15.62%","-15.42%","26.82%","82.45%","5.81","0.33%","11.64%","14.64%","41.45","2,707.10","2,788.77","54.13","76.00%","87.50%"
"Dixon Technologies","https://scanx.trade/company/dixon-technologies-ltd","13,421.00","-0.42%","13,875.00","16,89,462","81,983.41","50.16","16.61","18,471.00","9,600.00","15.59%","26.31%","-14.57%","216.65%","192.67%","17.64","0.07%","19.86%","41.33%","72.30","11,741.69","12,657.20","67.00","70.00%","83.30%"
"Federal Bank","https://scanx.trade/company/federal-bank-ltd","329.85","0.64%","330.30","54,00,203","81,417.70","18.02","21.00","334.30","185.11","4.68%","16.43%","54.21%","146.34%","285.34%","2.10","0.37%","12.70%","6.45%","16.45","305.57","269.76","64.45","76.00%","87.50%"
"L&T Finance","https://scanx.trade/company/lt-finance-holdings-ltd","321.25","0.05%","323.00","96,00,170","80,489.39","26.98","23.37","338.60","194.40","20.98%","18.03%","53.63%","142.27%","245.43%","2.87","0.86%","9.85%","10.11%","9.93","289.07","284.13","62.56","75.00%","85.63%"
"AU Small Finance Bank","https://scanx.trade/company/au-small-finance-bank-ltd","1,072.10","2.36%","1,052.00","14,70,963","80,272.37","29.70","21.00","1,090.40","682.15","9.57%","11.33%","29.83%","40.37%","79.48%","3.98","0.10%","38.28%","16.45%","23.05","1,011.76","946.61","61.13","76.00%","87.50%"
"NHPC","https://scanx.trade/company/nhpc-ltd","79.82","1.54%","78.85","62,53,523","80,179.47","18.71","23.78","89.75","71.62","7.86%","3.51%","-9.59%","73.52%","205.82%","1.90","2.05%","8.28%","6.14%","3.60","78.23","79.42","55.98","75.25%","87.50%"
"Persistent Systems","https://scanx.trade/company/persistent-systems-ltd","5,053.90","4.64%","4,926.40","12,05,108","79,725.27","40.84","25.01","6,599.00","4,244.50","0.72%","-7.63%","-11.71%","112.88%","264.23%","9.72","0.83%","22.06%","28.61%","76.02","4,909.60","5,482.29","57.61","75.19%","84.96%"
"Indusind Bank","https://scanx.trade/company/indusind-bank-ltd","1,015.80","0.06%","1,019.70","10,84,109","79,144.30","88.96","21.00","1,038.00","710.60","10.08%","24.71%","20.82%","-25.69%","-2.32%","1.21","0.15%","14.20%","5.98%","115.87","926.83","864.53","66.70","70.00%","85.89%"
"Dabur India","https://scanx.trade/company/dabur-india-ltd","443.50","0.08%","444.55","17,05,250","78,674.79","42.09","81.07","577.00","403.35","4.07%","3.28%","-15.06%","-22.56%","-25.54%","6.89","1.86%","17.58%","20.96%","10.60","441.94","480.37","54.43","78.00%","87.50%"
"Info Edge","https://scanx.trade/company/naukri-info-edge-ltd","1,204.05","0.18%","1,215.00","20,00,844","78,073.08","44.23","-34.85","1,485.00","908.30","22.54%","20.12%","-16.80%","38.98%","11.86%","2.06","0.70%","1.88%","4.80%","53.82","996.30","1,172.10","78.73","75.95%","86.92%"
"Nippon Life India AMC","https://scanx.trade/company/nippon-life-india-asset-management-ltd","1,212.70","-0.45%","1,224.00","4,38,739","77,464.87","50.94","23.37","1,233.50","780.25","11.79%","33.46%","51.40%","322.69%","220.95%","16.71","1.76%","27.78%","40.69%","19.06","1,116.39","943.91","60.72","65.60%","80.00%"
"Phoenix Mills","https://scanx.trade/company/phoenix-mills-ltd","2,138.90","2.44%","2,110.40","9,14,460","76,495.50","47.99","12.26","2,134.70","1,402.50","21.94%","25.09%","40.84%","171.16%","403.92%","6.80","0.12%","13.29%","10.43%","61.08","1,839.09","1,741.63","72.98","73.22%","87.11%"
"Swiggy","https://scanx.trade/company/swiggy-ltd","273.25","-2.74%","284.60","2,41,00,601","75,425.57","-18.66","-34.85","474.00","235.75","9.32%","0.50%","-28.12%","-40.08%","-40.08%","4.23","-","-","-25.96%","-","256.77","332.90","61.14","65.00%","84.13%"
"Yes Bank","https://scanx.trade/company/yes-bank-ltd","23.94","1.27%","23.90","4,44,92,915","75,137.81","21.12","21.00","25.78","17.20","2.44%","26.47%","20.24%","40.41%","80.68%","1.45","-","3.05%","5.95%","0.46","23.07","21.75","51.32","70.00%","87.17%"
"NMDC","https://scanx.trade/company/nmdc-ltd","84.92","0.59%","85.00","1,41,04,343","74,660.11","9.96","58.51","97.49","67.15","-5.69%","0.57%","25.07%","136.35%","115.53%","2.18","4.15%","24.47%","29.74%","20.82","88.70","81.62","42.85","75.15%","87.48%"
"Prestige Estates Projects","https://scanx.trade/company/prestige-estate-ltd","1,733.20","3.54%","1,694.00","8,71,915","74,654.16","55.28","12.26","1,814.00","1,090.00","28.01%","31.36%","5.04%","193.61%","484.85%","4.43","0.12%","10.40%","8.96%","33.42","1,465.16","1,510.58","71.99","72.15%","85.16%"
"Havells","https://scanx.trade/company/havells-india-ltd","1,188.40","-0.20%","1,205.70","24,10,663","74,579.43","44.26","11.77","1,621.10","1,123.60","3.29%","-5.46%","-22.01%","-7.96%","16.13%","7.91","0.84%","17.06%","22.11%","22.20","1,192.99","1,348.08","50.40","78.00%","87.50%"
"Suzlon Energy","https://scanx.trade/company/suzlon-ltd","53.92","0.41%","54.02","4,19,45,443","74,100.90","23.12","11.77","68.30","38.19","-2.37%","21.91%","-18.23%","210.78%","591.28%","7.74","-","262.69%","24.15%","0.68","55.39","51.71","41.84","50.00%","84.60%"
"ICICI Prudential Life Insurance","https://scanx.trade/company/icici-prudential-life-insurance-ltd","510.35","4.00%","492.00","29,17,046","74,037.34","44.26","23.37","706.80","459.50","7.50%","-5.83%","-24.99%","-14.23%","-16.79%","5.30","0.34%","7.73%","0.59%","6.03","506.50","586.34","57.22","76.00%","80.00%"
"PB FinTech","https://scanx.trade/company/policy-bazaar-ltd","1,580.40","0.50%","1,571.90","20,15,233","73,124.01","108.63","-104.12","1,974.00","1,364.00","5.55%","5.83%","-14.78%","125.61%","31.45%","9.95","-","-8.90%","6.22%","2.28","1,645.91","1,664.12","45.10","70.00%","85.17%"
"Fortis Healthcare","https://scanx.trade/company/fortis-healthcare-ltd","968.00","1.74%","959.00","17,81,037","73,079.95","67.48","81.20","1,104.30","757.15","-2.20%","13.88%","23.36%","200.02%","308.44%","7.26","0.11%","7.54%","9.86%","8.50","961.02","930.00","52.21","75.00%","87.50%"
"MCX","https://scanx.trade/company/multi-commodity-exchange-ltd","2,770.70","-0.53%","2,800.00","24,73,000","70,650.59","53.34","-34.85","3,480.00","1,460.80","-1.92%","4.26%","64.10%","778.72%","822.89%","24.94","0.29%","10.07%","24.11%","34.19","2,974.87","2,392.54","44.98","72.84%","80.00%"
"Oberoi Realty","https://scanx.trade/company/oberoi-realty-ltd","1,924.80","2.75%","1,890.10","7,52,660","69,986.16","27.17","12.26","1,986.10","1,391.20","17.91%","16.41%","5.12%","89.09%","187.05%","3.80","0.43%","13.92%","16.74%","60.22","1,702.83","1,635.97","69.71","75.70%","87.50%"
"IDFC First Bank","https://scanx.trade/company/idfc-first-bank-ltd","80.83","1.72%","79.90","1,47,03,154","69,620.70","42.50","21.00","87.00","58.08","9.69%","23.82%","4.36%","1.99%","50.38%","1.45","0.31%","9.12%","5.55%","3.82","73.70","75.51","62.59","76.00%","87.00%"
"Steel Authority of India","https://scanx.trade/company/steel-authority-of-india-ltd","167.95","1.24%","168.08","1,20,23,050","69,372.17","20.30","20.56","209.70","118.10","-9.70%","2.82%","25.45%","86.51%","34.31%","1.14","1.42%","3.98%","6.70%","9.38","184.97","155.97","40.23","73.43%","84.69%"
"Oil India","https://scanx.trade/company/oil-india-ltd","424.95","0.45%","424.40","20,41,349","69,122.70","9.12","241.70","531.00","384.60","-10.72%","-9.73%","-4.59%","150.12%","267.38%","1.19","2.72%","23.55%","11.77%","51.54","457.47","446.78","43.62","72.79%","85.69%"
"Biocon","https://scanx.trade/company/biocon-ltd","418.50","3.70%","407.20","43,24,350","67,834.99","178.61","27.16","440.40","331.00","0.52%","21.06%","12.03%","64.31%","7.71%","1.91","0.12%","5.13%","6.26%","13.00","411.79","384.57","53.16","75.63%","87.50%"
"Alkem Laboratories","https://scanx.trade/company/alkem-laboratories-ltd","5,669.50","0.37%","5,699.00","1,04,124","67,787.38","28.72","27.16","5,933.50","4,716.20","5.86%","5.57%","17.98%","62.56%","69.20%","4.89","0.94%","16.91%","19.29%","179.80","5,441.13","5,531.48","66.06","78.00%","87.50%"
"UNO Minda","https://scanx.trade/company/minda-industries-ltd","1,166.10","1.00%","1,165.00","9,25,292","67,349.14","51.88","60.58","1,382.00","994.00","6.59%","10.57%","5.27%","102.52%","256.71%","9.76","0.23%","17.56%","20.72%","15.45","1,107.85","1,182.76","62.24","70.00%","70.00%"
"Bank of India","https://scanx.trade/company/bank-of-india-ltd","144.90","4.60%","139.80","1,41,84,717","65,968.16","6.12","8.71","178.36","108.81","-1.91%","0.42%","25.01%","85.18%","92.30%","0.77","3.35%","9.28%","5.42%","15.14","142.17","145.38","53.12","70.00%","86.06%"
"NALCO","https://scanx.trade/company/national-aluminium-company-ltd","354.85","1.53%","355.00","94,56,829","65,172.88","11.07","8.60","445.15","179.93","-7.57%","-13.94%","90.54%","325.73%","315.76%","2.97","3.00%","10.93%","36.82%","10.50","386.05","333.63","45.80","71.97%","82.39%"
"Glenmark Pharmaceuticals","https://scanx.trade/company/glenmark-pharmaceuticals-ltd","2,282.90","0.69%","2,283.90","6,02,305","64,423.62","46.94","27.16","2,474.00","1,792.60","3.32%","5.25%","25.52%","243.91%","243.14%","6.08","0.11%","3.84%","15.93%","-","2,259.39","2,076.48","58.18","75.73%","87.50%"
"Godrej Properties","https://scanx.trade/company/godrej-properties-ltd","2,133.00","5.08%","2,048.40","12,96,667","64,251.50","33.23","12.26","2,407.90","1,434.00","26.64%","25.80%","-5.41%","35.54%","44.08%","3.19","0.49%","7.25%","8.74%","40.29","1,805.62","1,886.69","74.83","73.82%","84.95%"
"Motilal Oswal Financial Services","https://scanx.trade/company/motilal-oswal-financial-services-ltd","979.35","3.91%","950.05","13,44,271","58,971.24","30.29","23.37","1,097.10","614.90","13.31%","28.67%","5.87%","433.04%","297.22%","4.40","0.64%","27.89%","17.80%","46.83","888.95","857.35","63.12","61.83%","80.00%"
"SBI Cards","https://scanx.trade/company/sbi-cards-ltd","611.65","3.99%","590.00","12,54,626","58,205.18","25.83","23.37","1,004.75","565.45","4.56%","-8.56%","-34.55%","-26.82%","-37.23%","3.56","0.43%","19.93%","20.03%","25.33","615.08","762.18","51.97","76.00%","87.50%"
"Tube Investment","https://scanx.trade/company/tube-invest-of-india-ltd","2,958.40","1.45%","2,919.40","76,136","57,263.47","50.48","20.56","3,419.90","2,164.90","-4.74%","7.84%","2.18%","-5.81%","171.23%","7.28","0.12%","17.60%","15.90%","34.13","3,045.41","2,826.57","43.01","74.32%","85.41%"
"Max Financial Services","https://scanx.trade/company/max-financial-services-ltd","1,633.10","3.57%","1,587.00","7,74,815","56,360.69","515.28","-34.85","1,892.50","1,433.60","2.45%","1.60%","4.44%","101.78%","51.60%","10.30","-","8.99%","6.69%","11.00","1,626.59","1,646.65","52.56","75.00%","87.50%"
"Colgate Palmolive","https://scanx.trade/company/colgate-palmolive-ltd","2,052.40","-0.51%","2,069.40","1,20,766","55,822.33","42.32","37.06","2,504.00","1,782.00","1.43%","7.64%","-15.84%","15.35%","19.05%","35.41","2.81%","70.62%","107.36%","51.99","2,075.68","2,118.63","51.26","78.00%","87.50%"
"Vishal Mega Mart","https://scanx.trade/company/vishal-mega-mart-ltd","118.79","1.80%","118.19","57,62,497","55,550.66","65.20","14.76","157.60","98.77","0.45%","6.00%","-9.51%","6.13%","6.13%","7.36","-","-","13.04%","-","119.90","127.11","50.78","65.00%","87.50%"
"Radico Khaitan","https://scanx.trade/company/radico-khaitan-ltd","4,073.70","-0.37%","4,120.80","3,03,434","54,559.61","90.65","51.92","4,161.80","2,500.00","16.37%","49.93%","52.24%","202.23%","423.48%","16.53","0.22%","10.75%","17.41%","20.28","3,626.07","3,151.83","71.86","69.04%","80.00%"
"Coforge","https://scanx.trade/company/coforge-ltd","1,503.80","2.40%","1,495.80","27,50,522","52,410.77","36.20","25.01","1,989.70","1,008.10","6.50%","18.89%","-22.14%","63.06%","72.59%","2.38","0.21%","22.42%","14.67%","114.98","1,398.33","1,526.22","56.95","75.26%","84.01%"
"APL Apollo Tubes","https://scanx.trade/company/apl-apollo-tubes-ltd","1,835.90","2.80%","1,804.00","5,74,806","50,975.31","41.22","20.56","2,301.40","1,492.00","2.05%","-10.02%","7.47%","40.35%","137.86%","9.36","0.48%","21.36%","22.02%","26.38","1,845.85","1,894.43","52.86","76.00%","87.50%"
"Premier Energies","https://scanx.trade/company/premier-energies-ltd","1,117.20","2.57%","1,099.00","24,53,790","50,608.53","32.72","14.76","1,136.40","660.00","2.81%","16.81%","4.01%","33.02%","33.02%","11.47","0.02%","-","34.93%","-","1,038.16","937.28","66.84","60.00%","85.06%"
"UPL","https://scanx.trade/company/upl-united-phosphorus-ltd","594.75","2.22%","585.00","8,72,284","50,206.97","22.12","58.36","812.20","563.15","-5.35%","-7.36%","-10.53%","-6.07%","-23.88%","1.42","1.03%","-5.74%","7.50%","-","622.05","682.61","46.46","76.00%","86.67%"
"Bharat Dynamics","https://scanx.trade/company/bharat-dynamics-ltd","1,344.50","1.37%","1,330.00","8,51,349","49,284.33","115.61","298.93","1,998.00","1,086.00","11.78%","1.43%","-32.27%","148.88%","604.48%","11.46","0.37%","10.97%","10.19%","15.77","1,319.11","1,396.45","51.81","70.06%","82.87%"
"KEI Industries","https://scanx.trade/company/kei-industries-ltd","5,149.50","2.84%","5,037.00","2,47,260","49,229.53","52.07","20.83","5,708.00","3,601.10","-2.49%","16.59%","39.40%","123.94%","604.11%","7.18","0.09%","18.44%","16.86%","67.58","5,238.89","4,539.73","45.18","70.00%","80.00%"
"Kalyan Jewellers","https://scanx.trade/company/kalyan-jewellers-ltd","476.15","7.48%","451.10","11,54,87,371","49,173.92","33.99","107.24","617.70","327.05","34.11%","6.74%","-17.73%","190.69%","514.39%","7.28","0.56%","14.24%","20.89%","6.12","374.94","432.50","74.45","70.00%","79.85%"
"Rail Vikas Nigam","https://scanx.trade/company/rail-vikas-nigam-ltd","232.67","2.85%","226.99","68,55,244","48,512.16","54.13","12.26","400.70","221.55","-0.52%","-14.72%","-39.58%","90.32%","623.70%","4.80","0.76%","19.39%","14.76%","6.98","255.94","302.04","41.51","67.60%","83.07%"
"360 One WAM","https://scanx.trade/company/360-one-wam-ltd","1,129.00","2.62%","1,106.80","21,89,046","45,892.34","36.81","23.37","1,236.20","906.05","5.02%","13.11%","-5.49%","132.74%","272.74%","4.55","1.09%","23.31%","14.83%","25.49","1,097.82","1,100.39","55.45","72.72%","86.50%"
"Patanjali Foods","https://scanx.trade/company/ruchi-soya-industries-ltd","413.80","0.38%","413.25","13,43,933","45,025.93","24.72","24.50","653.93","406.35","-1.95%","-9.98%","-25.24%","2.65%","12.15%","3.43","0.85%","1.75%","15.86%","25.98","436.83","512.45","38.74","75.00%","87.50%"
"Mphasis","https://scanx.trade/company/mphasis-ltd","2,321.90","2.68%","2,292.20","6,64,698","44,318.83","23.18","25.01","3,037.20","2,013.00","-0.79%","-2.66%","-18.93%","23.20%","4.15%","4.02","2.74%","17.68%","23.05%","82.67","2,254.40","2,532.22","54.38","76.00%","87.50%"
"Page Industries","https://scanx.trade/company/page-industries-ltd","39,395.00","-3.00%","40,605.00","46,753","43,940.69","59.26","18.83","49,380.00","29,805.00","1.26%","9.58%","-18.92%","8.27%","25.63%","30.12","1.36%","35.64%","62.78%","516.64","38,841.90","37,173.77","44.94","78.00%","87.50%"
"Voltas","https://scanx.trade/company/voltas-ltd","1,286.70","1.36%","1,275.00","4,87,361","42,574.94","113.49","-68.85","1,582.50","1,186.80","-1.36%","0.22%","-5.87%","69.74%","26.72%","6.58","0.32%","4.24%","9.26%","13.81","1,302.99","1,374.18","47.81","76.00%","86.91%"
"Supreme Industries","https://scanx.trade/company/supreme-industries-ltd","3,319.60","2.82%","3,241.00","1,74,648","42,167.84","42.91","28.46","4,664.90","3,140.00","-5.15%","-11.99%","-20.86%","3.87%","53.28%","6.64","1.12%","20.94%","19.93%","88.76","3,487.65","3,688.40","45.69","74.61%","87.50%"
"Petronet LNG","https://scanx.trade/company/petronet-lng-ltd","278.95","0.65%","279.80","7,15,028","41,842.50","10.62","-34.85","326.40","235.35","3.78%","2.79%","-8.72%","22.05%","24.53%","1.86","1.08%","20.26%","23.63%","26.26","276.41","279.25","51.02","76.00%","80.00%"
"Sona BLW Precision Forgings","https://scanx.trade/company/sona-blw-precision-forgings-ltd","668.55","-0.33%","676.35","12,38,095","41,585.70","66.25","60.58","680.80","402.30","11.08%","27.82%","46.74%","25.13%","58.33%","6.97","0.51%","18.49%","13.26%","9.41","607.29","521.26","70.53","75.15%","86.73%"
"PI Industries","https://scanx.trade/company/pi-industries-ltd","2,607.40","0.38%","2,596.00","1,88,072","39,558.98","29.86","58.36","4,330.00","2,541.00","-9.04%","-9.49%","-37.45%","-29.13%","-12.86%","3.51","0.58%","19.26%","20.62%","115.17","2,833.15","3,161.74","39.70","76.00%","87.50%"
"Delhivery","https://scanx.trade/company/delhivery-ltd","520.30","0.90%","524.00","1,39,14,959","38,962.57","252.75","-34.85","523.00","374.45","18.41%","10.74%","23.50%","30.50%","-2.99%","3.99","-","-2.72%","2.66%","-","466.96","441.28","67.09","75.00%","70.00%"
"Cochin Shipyard","https://scanx.trade/company/cochin-shipyard-ltd","1,418.00","0.80%","1,417.00","12,34,073","37,304.85","51.64","-34.85","2,064.00","1,187.00","-1.61%","-0.41%","-30.36%","386.78%","631.30%","6.30","0.11%","-","19.01%","-","1,525.98","1,584.94","42.22","0.00%","81.92%"
"Nuvama Wealth Management","https://scanx.trade/company/nuvama-wealth-management-ltd","1,977.60","2.22%","1,960.00","5,12,282","36,088.26","33.94","23.37","1,955.00","1,096.90","27.03%","52.73%","35.27%","278.49%","278.49%","8.61","0.72%","21.55%","23.65%","203.79","1,611.29","1,421.72","74.32","50.00%","75.00%"
"Exide Industries","https://scanx.trade/company/exide-industries-ltd","424.40","-0.19%","429.00","35,13,217","36,074.00","41.99","60.58","431.00","287.00","8.00%","36.35%","9.52%","69.02%","133.12%","2.60","0.47%","6.84%","8.89%","10.29","380.05","360.84","68.20","76.00%","87.40%"
"Astral","https://scanx.trade/company/astral-poly-technik-ltd","1,333.80","1.27%","1,323.90","5,36,850","35,832.56","66.24","28.46","1,768.70","1,263.70","-12.60%","-14.70%","-10.64%","-25.30%","-12.55%","8.73","0.19%","16.69%","19.01%","20.35","1,501.01","1,502.44","33.03","76.00%","87.50%"
"IREDA","https://scanx.trade/company/ireda-ltd","126.40","3.77%","122.20","67,90,090","35,508.68","18.25","33.85","170.16","108.65","3.21%","2.66%","-23.81%","110.67%","110.67%","2.48","1.11%","11.56%","8.35%","1.29","127.65","133.96","50.50","70.02%","85.01%"
"Container Corporation of India","https://scanx.trade/company/container-corporation-of-india-ltd","463.75","1.45%","462.00","29,60,717","35,320.03","27.94","-34.85","629.20","421.45","2.38%","-3.84%","-24.64%","-13.69%","-13.99%","2.69","0.96%","10.36%","13.49%","20.90","483.14","501.03","45.72","76.00%","87.50%"
"Blue Star","https://scanx.trade/company/blue-star-ltd","1,662.00","2.87%","1,618.90","3,83,021","34,173.18","62.94","-68.85","2,040.00","1,450.00","5.81%","0.39%","-8.16%","110.27%","286.29%","9.67","0.56%","15.86%","25.16%","24.34","1,646.77","1,785.78","55.92","74.31%","86.36%"
"Bandhan Bank","https://scanx.trade/company/bandhan-bank-ltd","210.00","5.07%","201.00","2,02,11,763","33,831.38","26.34","21.00","218.13","134.25","1.48%","26.55%","17.96%","-8.14%","-33.70%","1.28","0.75%","10.32%","7.35%","15.97","203.19","169.98","55.59","59.47%","80.00%"
"Dalmia Bharat","https://scanx.trade/company/dalmia-bharat-ltd","1,786.50","2.54%","1,742.30","2,08,112","33,508.66","28.25","-173.93","2,496.30","1,605.00","8.16%","-6.50%","-17.89%","-14.98%","-15.72%","1.82","0.52%","5.17%","6.98%","49.19","1,759.14","1,987.73","57.04","75.00%","80.00%"
"Godfrey Phillips","https://scanx.trade/company/godfrey-phillips-india-ltd","2,115.30","0.58%","2,113.40","1,07,592","32,994.82","21.50","16.16","3,947.00","1,832.10","-6.53%","3.96%","-25.35%","277.03%","526.66%","5.28","2.38%","20.86%","26.74%","172.61","2,260.77","2,486.20","38.04","57.79%","77.45%"
"Manappuram Finance","https://scanx.trade/company/manappuram-finance-ltd","341.30","2.66%","334.20","19,12,160","32,059.54","31.41","23.37","347.90","245.15","11.08%","29.80%","30.52%","159.25%","92.17%","1.94","0.75%","18.98%","10.79%","26.55","316.01","292.31","61.72","73.96%","80.00%"
"Angel One","https://scanx.trade/company/angel-broking-ltd","346.05","1.45%","345.15","40,99,400","31,606.46","34.03","23.37","360.45","208.63","2.52%","22.80%","26.51%","102.38%","258.53%","5.09","7.24%","37.04%","27.12%","132.93","332.04","272.55","54.79","69.05%","80.00%"
"LIC Housing Finance","https://scanx.trade/company/lic-housing-finance-ltd","549.15","1.73%","541.00","14,62,462","30,206.71","5.30","33.81","646.50","458.90","-0.65%","3.17%","-9.10%","40.84%","20.49%","0.72","1.85%","15.12%","9.65%","86.33","552.06","542.59","50.62","76.00%","87.50%"
"CDSL","https://scanx.trade/company/central-depository-services-ltd","1,431.90","6.34%","1,353.50","91,78,914","29,926.71","61.85","-34.85","1,784.80","1,116.30","18.11%","11.93%","-18.71%","137.21%","172.08%","14.36","0.95%","27.84%","37.66%","45.91","1,265.92","1,388.48","68.95","72.64%","80.00%"
"PNB Housing Finance","https://scanx.trade/company/pnb-housing-finance-ltd","1,110.60","2.45%","1,094.00","9,81,785","28,941.12","12.34","33.81","1,116.50","729.60","12.30%","28.70%","1.08%","84.79%","76.93%","1.47","0.74%","10.07%","9.27%","61.35","1,040.74","921.27","65.92","73.81%","80.00%"
"Jubilant FoodWorks","https://scanx.trade/company/jubilant-foodworks-ltd","438.05","2.03%","434.15","21,19,387","28,904.52","63.79","36.24","695.50","408.80","3.61%","2.38%","-35.86%","-9.02%","-29.55%","12.36","0.28%","17.86%","12.94%","4.12","439.27","516.86","53.39","76.00%","86.94%"
"Amber Enterprises","https://scanx.trade/company/amber-enterprises-india-ltd","7,779.00","2.35%","7,636.00","3,11,170","27,434.80","118.26","-68.85","8,974.00","5,400.50","0.69%","12.93%","1.14%","255.45%","160.04%","6.13","-","6.59%","14.95%","47.37","7,763.80","7,357.58","54.26","69.46%","80.00%"
"NBCC","https://scanx.trade/company/nbcc-ltd","99.98","2.28%","98.59","1,08,32,235","26,994.60","35.53","-34.85","125.85","77.18","-5.53%","13.83%","-12.71%","264.89%","184.84%","8.74","1.04%","13.09%","26.58%","3.11","100.55","102.92","45.56","69.79%","80.00%"
"Force Motors","https://scanx.trade/company/force-motors-ltd","18,170.00","0.02%","18,279.00","54,096","23,680.80","19.75","65.83","26,450.00","14,911.00","2.99%","-18.04%","8.68%","616.37%","1,220.35%","5.71","0.28%","17.20%","37.08%","330.24","18,941.52","19,412.94","46.37","50.00%","75.00%"
"RBL Bank","https://scanx.trade/company/rbl-bank-ltd","380.65","4.92%","365.05","91,27,348","23,578.34","63.88","21.00","381.70","243.25","5.44%","19.81%","46.06%","105.42%","73.85%","1.32","0.11%","8.49%","5.64%","21.30","351.83","317.47","60.09","57.29%","80.00%"
"Tata Elxsi","https://scanx.trade/company/tata-elxsi-ltd","3,690.30","1.90%","3,669.00","3,77,470","22,989.49","35.91","-104.12","6,439.50","3,562.00","-13.32%","-17.11%","-40.01%","-50.71%","-14.09%","7.42","2.07%","36.00%","52.73%","126.48","4,092.48","4,810.09","35.63","76.00%","87.16%"
"Kaynes Technology India","https://scanx.trade/company/kaynes-technology-ltd","3,336.10","-2.71%","3,447.00","13,75,926","22,363.43","63.25","59.22","7,705.00","2,995.00","8.57%","-13.38%","-45.52%","109.58%","383.53%","4.85","-","9.91%","15.98%","32.73","3,406.83","4,479.55","52.45","69.50%","75.00%"
"CAMS","https://scanx.trade/company/cams-ltd","790.50","2.44%","777.90","15,79,501","19,603.17","40.75","-34.85","857.80","611.40","5.44%","13.08%","-5.69%","75.95%","37.28%","14.56","1.61%","38.33%","44.21%","78.32","781.82","747.13","52.20","74.00%","80.00%"
"Crompton Greaves","https://scanx.trade/company/crompton-greaves-consumer-electricals-ltd","261.70","1.04%","260.00","19,78,921","16,851.25","-72.33","11.77","353.25","217.40","0.48%","10.00%","-23.66%","-9.99%","-40.44%","5.62","1.16%","12.81%","19.23%","7.36","276.24","265.48","41.52","76.00%","80.00%"
"PG Electroplast","https://scanx.trade/company/pg-electroplast-ltd","583.15","-0.09%","586.65","11,21,288","16,639.76","85.17","59.22","836.45","436.55","21.54%","21.54%","-26.07%","278.32%","1,296.43%","5.49","0.04%","19.57%","14.42%","7.08","515.14","549.37","65.07","66.60%","75.00%"
"KFin Technologies","https://scanx.trade/company/kfin-technologies-ltd","901.10","2.99%","874.95","18,81,598","15,573.50","43.99","-34.85","1,321.90","784.95","6.77%","0.99%","-31.05%","156.29%","147.66%","9.04","1.37%","21.56%","18.89%","15.80","864.35","988.15","57.37","68.53%","80.00%"
"KPIT Technologies","https://scanx.trade/company/kpit-technologies-ltd","561.75","2.48%","554.05","41,55,099","15,400.03","23.56","-104.12","1,328.00","543.35","-25.71%","-21.55%","-55.40%","-47.05%","124.12%","4.24","1.36%","27.67%","35.48%","24.17","716.82","948.34","23.96","73.78%","82.94%"
"Inox Wind","https://scanx.trade/company/inox-wind-ltd","82.61","0.73%","82.73","3,22,13,482","14,276.97","31.55","11.77","177.74","75.05","-4.10%","-3.26%","-52.61%","70.08%","262.01%","2.22","-","-29.66%","12.30%","0.66","91.99","111.62","36.20","67.59%","75.00%"
"Indian Energy Exchange","https://scanx.trade/company/indian-energy-exchange-ltd","119.64","1.52%","118.52","79,25,614","10,668.21","21.31","-34.85","211.75","114.60","-0.35%","-7.75%","-42.47%","-3.28%","-9.57%","7.70","2.97%","36.08%","47.66%","4.17","124.74","131.58","41.15","75.00%","65.00%"